,User_ID,Age,Marital_Status,Orders,Amount,Status,unnamed1
User_ID,1.0,0.022581082184931496,0.004942343186065083,-0.016220181422034383,-0.011988715823219108,,
Age,0.022581082184931496,1.0,-0.012430222728476346,0.008033423739793363,0.03043821187997875,,
Marital_Status,0.004942343186065083,-0.012430222728476346,1.0,-0.0034485281906488554,-0.017787274805535908,,
Orders,-0.016220181422034383,0.008033423739793363,-0.0034485281906488554,1.0,-0.012620364751428272,,
Amount,-0.011988715823219108,0.03043821187997875,-0.017787274805535908,-0.012620364751428272,1.0,,
Status,,,,,,,
unnamed1,,,,,,,
