,mean,median,std,min,max
User_ID,1002985.6453176831,1003044.0,1694.4893236255486,1000001.0,1006040.0
Age,35.33873437101301,33.0,12.398994288456855,12.0,92.0
Marital_Status,0.4163051798928298,0.0,0.49297685872119534,0.0,1.0
Orders,2.494769073743302,2.0,1.1136333982379392,1.0,4.0
Amount,9492.550131578948,8114.5,5200.47769534199,188.0,23952.0
Status,,,,,
unnamed1,,,,,
