,mean,median,std,min,max
User_ID,1002898.2243902439,1002954.5,1670.4451549035007,1000004.0,1006040.0
Age,37.59268292682927,35.0,13.05480061855302,12.0,92.0
Marital_Status,0.424390243902439,0.0,0.4948539523277699,0.0,1.0
Orders,2.4560975609756097,2.0,1.1337345045860174,1.0,4.0
Amount,20897.958365853658,20580.0,980.7615261886276,20007.0,23952.0
Status,,,,,
unnamed1,,,,,
