,mean,median,std,min,max
User_ID,1003004.9926176288,1003065.0,1716.1410708599299,1000001.0,1006040.0
Age,35.42284087876901,33.0,12.756368741439,12.0,92.0
Marital_Status,0.42026149604198165,0.0,0.49362277443851044,0.0,1.0
Orders,2.4887485546562305,2.0,1.114959761080178,1.0,4.0
Amount,9454.084981746952,8109.0,5221.728776053189,188.0,23952.0
Status,,,,,
unnamed1,,,,,
